[
    {
        "name": "Cultured",
        "friendBonusUniques": [
            ""
        ],
        "allyBonusUniques": [
            ""
        ],
        "color": [139, 96, 255]
    },
    {
        "name": "Maritime",
        "friendBonusUniques": ["[+2 Food] [in capital]"],
        "allyBonusUniques": ["[+2 Food] [in capital]", "[+1 Food] [in all cities]"],
        "color": [56, 255, 112]
    },
    {
        "name": "Mercantile",
        "friendBonusUniques": [
            ""
        ],
        "allyBonusUniques": [
            "",
            "Provides a unique luxury"
        ],
        "color": [255, 216, 0]
    },
    {
        "name": "Militaristic",
        "friendBonusUniques": ["Provides military units every ≈[20] turns"],
        "allyBonusUniques": ["Provides military units every ≈[17] turns"],
        "color": [255, 0, 0]
    },
    {
        "name": "Religious",
        "friendBonusUniques":  [
            ""
        ],
        "allyBonusUniques":  [
            ""
        ],
        "color": [255, 255, 255]
    }
]
