[
    {
        "name": "Dusk era",
        "researchAgreementCost": 350,
        "startingSettlerCount": 3,
        "startingWorkerCount": 2,
        "startingMilitaryUnitCount": 5,
        "startingMilitaryUnit": "Great War Infantry",
        "startingGold": 200,
        "startingCulture": 500,
        "settlerPopulation": 3,
        "baseUnitBuyCost": 600,
        "embarkDefense": 13,
        "startPercent": 65,
        "citySound": "cityModern",
        "iconRGB": [33, 150, 243],
        "uniques": [""
        ]
    },
    {
        "name": "Mignight era",
        "researchAgreementCost": 350,
        "startingSettlerCount": 3,
        "startingWorkerCount": 2,
        "startingMilitaryUnitCount": 5,
        "startingMilitaryUnit": "Skirmisher",
        "startingGold": 200,
        "startingCulture": 500,
        "settlerPopulation": 3,
        "baseUnitBuyCost": 600,
        "embarkDefense": 13,
        "startPercent": 65,
        "citySound": "cityModern",
        "iconRGB": [33, 150, 243],
        "uniques": [""
        ]
    },
    {
        "name": "Dawn era",
        "researchAgreementCost": 350,
        "startingSettlerCount": 3,
        "startingWorkerCount": 2,
        "startingMilitaryUnitCount": 5,
        "startingMilitaryUnit": "Mechanized Infantry",
        "startingGold": 200,
        "startingCulture": 500,
        "settlerPopulation": 3,
        "baseUnitBuyCost": 600,
        "embarkDefense": 13,
        "startPercent": 65,
        "citySound": "cityModern",
        "iconRGB": [33, 150, 243],
        "uniques": [""
        ]
    },
    {
        "name": "Morning era",
        "researchAgreementCost": 350,
        "startingSettlerCount": 3,
        "startingWorkerCount": 2,
        "startingMilitaryUnitCount": 5,
        "startingMilitaryUnit": "Mechanized Infantry",
        "startingGold": 200,
        "startingCulture": 500,
        "settlerPopulation": 3,
        "baseUnitBuyCost": 600,
        "embarkDefense": 13,
        "startPercent": 65,
        "citySound": "cityModern",
        "iconRGB": [33, 150, 243],
        "uniques": [""
        ]
    },
]
