[
    {
        "name": "Military government policy",
        "era": "Dusk era",
        "priorities": {
            "Neutral": 5,
            "Cultural": 5,
            "Diplomatic": 5,
            "Domination": 5,
            "Scientific": 5
        },
        "uniques": [
            ""
        ],
        "policies": [
            {
                "name": "Martial law",
                "uniques": [
                    ""
                ],
                "row": 1,
                "column": 3
            },
            {
                "name": "Military law",
                "uniques": [
                    ""
                ],
                "requires": ["Martial law"],
                "row": 2,
                "column": 2
            },
            {
                "name": "Officer politics",
                "uniques": [
                    ""
                ],
                "requires": ["Martial law"],
                "row": 2,
                "column": 4
            },
            {
                "name": "Strengthen discipline",
                "uniques": [
                    ""
                ],
                "requires": ["Military law"],
                "row": 3,
                "column": 1
            },
            {
                "name": "Local military government",
                "uniques": [
                    ""
                ],
                "requires": ["Military law","Officer politics"],
                "row": 3,
                "column": 3
            },
            {
                "name": "Accept old officials",
                "uniques": [
                    ""
                ],
                "requires": ["Officer politics"],
                "row": 3,
                "column": 5
            },
            {
                "name": "Join the army welfare",
                "uniques": [
                    ""
                ],
                "requires": ["Strengthen discipline","Local military government"],
                "row": 4,
                "column": 2
            },
            {
                "name": "Deregulation",
                "uniques": [
                    ""
                ],
                "requires": ["Local military government","Accept old officials"],
                "row": 4,
                "column": 4
            },
            {
                "name": "Military and civilian unity",
                "uniques": [
                    ""
                ],
                "requires": ["Join the army welfare","Deregulation"],
                "row": 5,
                "column": 3
            },
            {
                "name": "Military government policy Complete",
                "uniques": [
                    ""
                ],
            }
        ]
    },
    {
        "name": "Purification policy",
        "era": "Dusk era",
        "priorities": {
            "Neutral": 5,
            "Cultural": 5,
            "Diplomatic": 5,
            "Domination": 5,
            "Scientific": 5
        },
        "uniques": [
            ""
        ],
        "policies": [
            {
                "name": "Hunt down the rebels",
                "uniques": [
                    ""
                ],
                "row": 1,
                "column": 2
            },
            {
                "name": "Clean the village",
                "uniques": [
                    ""
                ],
                "row": 1,
                "column":4
            },
            {
                "name": "Execute dissidents",
                "uniques": [
                    ""
                ],
                "requires": ["Hunt down the rebels"],
                "row": 2,
                "column": 2
            },
            {
                "name": "Clean the city",
                "uniques": [
                    ""
                ],
                "requires": ["Clean the village"],
                "row": 2,
                "column": 4
            },
            {
                "name": "Silence is reaction",
                "uniques": [
                    ""
                ],
                "requires": ["Execute dissidents"],
                "row": 3,
                "column": 2
            },
            {
                "name": "Clean the concentration camp",
                "uniques": [
                    ""
                ],
                "requires": ["Clean the city"],
                "row": 3,
                "column": 4
            },
            {
                "name": "Running dogs are worthless",
                "uniques": [
                    ""
                ],
                "requires": ["Silence is reaction"],
                "row": 4,
                "column": 2
            },
            {
                "name": "Ensure extinction",
                "uniques": [
                    ""
                ],
                "requires": ["Clean the concentration camp"],
                "row": 4,
                "column": 4
            },
            {
                "name": "The most wonderful masterpiece",
                "uniques": [
                    ""
                ],
                "requires": ["Running dogs are worthless","Ensure extinction"],
                "row": 5,
                "column": 3
            },
            {
                "name": "Purification policy Complete",
                "uniques": [
                    ""
                ],
            }
        ]
    },
    {
        "name": "Governor's government policy",
        "era": "Dusk era",
        "priorities": {
            "Neutral": 5,
            "Cultural": 5,
            "Diplomatic": 5,
            "Domination": 5,
            "Scientific": 5
        },
        "uniques": [
            ""
        ],
        "policies": [
            {
                "name": "Colonial law",
                "uniques": [
                    ""
                ],
                "row": 1,
                "column": 2
            },
            {
                "name": "Imperial aid",
                "uniques": [
                    ""
                ],
                "row": 1,
                "column":4
            },
            {
                "name": "Form a servant army",
                "uniques": [
                    ""
                ],
                "requires": ["Colonial law"],
                "row": 2,
                "column": 1
            },
            {
                "name": "Foster a cooperative government",
                "uniques": [
                    ""
                ],
                "requires": ["Colonial law"],
                "row": 2,
                "column": 3
            },
            {
                "name": "Increase aid",
                "uniques": [
                    ""
                ],
                "requires": ["Imperial aid"],
                "row": 2,
                "column": 5
            },
            {
                "name": "Limited freedom",
                "uniques": [
                    ""
                ],
                "requires": ["Form a servant army"],
                "row": 3,
                "column": 1
            },
            {
                "name": "New textbook",
                "uniques": [
                    ""
                ],
                "requires": ["Foster a cooperative government"],
                "row": 3,
                "column": 3
            },
            {
                "name": "Self-sufficiency",
                "uniques": [
                    ""
                ],
                "requires": ["Increase aid"],
                "row": 3,
                "column": 5
            },
            {
                "name": "The jewel in the crown",
                "uniques": [
                    ""
                ],
                "requires": ["Limited freedom","New textbook","Self-sufficiency"],
                "row": 4,
                "column": 3
            },
            {
                "name": "Governor's government policy Complete",
                "uniques": [
                    ""
                ],
            }
        ]
    },
    {
        "name": "Liberalism policy",
        "era": "Dusk era",
        "priorities": {
            "Neutral": 5,
            "Cultural": 5,
            "Diplomatic": 5,
            "Domination": 5,
            "Scientific": 5
        },
        "uniques": [
            ""
        ],
        "policies": [
            {
                "name": "Liberal army",
                "uniques": [
                    ""
                ],
                "row": 1,
                "column": 1
            },
            {
                "name": "Liberal regime",
                "uniques": [
                    ""
                ],
                "row": 1,
                "column":3
            },
            {
                "name": "Liberal propaganda",
                "uniques": [
                    ""
                ],
                "row": 1,
                "column": 5
            },
            {
                "name": "Join the army for freedom",
                "uniques": [
                    ""
                ],
                "requires": ["Liberal army"],
                "row": 2,
                "column": 1
            },
            {
                "name": "Electoral law",
                "uniques": [
                    ""
                ],
                "requires": ["Liberal regime"],
                "row": 2,
                "column": 3
            },
            {
                "name": "Liberal education",
                "uniques": [
                    ""
                ],
                "requires": ["Liberal propaganda"],
                "row": 2,
                "column": 5
            },
            {
                "name": "National defense",
                "uniques": [
                    ""
                ],
                "requires": ["Join the army for freedom","Electoral law"],
                "row": 3,
                "column": 2
            },
            {
                "name": "Popularly elected government",
                "uniques": [
                    ""
                ],
                "requires": ["Electoral law","Liberal education"],
                "row": 3,
                "column": 4
            },
            {
                "name": "right to life",
                "uniques": [
                    ""
                ],
                "requires": ["National defense","Popularly elected government"],
                "row": 4,
                "column": 3
            },
            {
                "name": "Liberalism policy Complete",
                "uniques": [
                    ""
                ],
            }
        ]
    },
    {
        "name": "Giant enterprise policy",
        "era": "Dusk era",
        "priorities": {
            "Neutral": 5,
            "Cultural": 5,
            "Diplomatic": 5,
            "Domination": 5,
            "Scientific": 5
        },
        "uniques": [
            ""
        ],
        "policies": [
            {
                "name": "Hire troops",
                "uniques": [
                    ""
                ],
                "row": 1,
                "column": 1
            },
            {
                "name": "Enterprise law",
                "uniques": [
                    ""
                ],
                "row": 1,
                "column":3
            },
            {
                "name": "Stealing the mountain of gold",
                "uniques": [
                    ""
                ],
                "row": 1,
                "column": 5
            },
            {
                "name": "Arms trade",
                "uniques": [
                    ""
                ],
                "requires": ["Hire troops"],
                "row": 2,
                "column": 1
            },
            {
                "name": "Forge wildly",
                "uniques": [
                    ""
                ],
                "requires": ["Arms trade"],
                "row": 3,
                "column": 2
            },
            {
                "name": "Eighteen-hour working system",
                "uniques": [
                    ""
                ],
                "requires": ["Blood money"],
                "row": 3,
                "column": 4
            },
            {
                "name": "Blood money",
                "uniques": [
                    ""
                ],
                "requires": ["Stealing the mountain of gold"],
                "row": 2,
                "column": 5
            },
            {
                "name": "Warmonger",
                "uniques": [
                    ""
                ],
                "requires": ["Forge wildly","Enterprise law"],
                "row": 4,
                "column": 2
            },
            {
                "name": "Squeeze them dry",
                "uniques": [
                    ""
                ],
                "requires": ["Eighteen-hour working system","Enterprise law"],
                "row": 4,
                "column": 4
            },
            {
                "name": "Giant enterprise policy Complete",
                "uniques": [
                    ""
                ],
            }
        ]
    },
    {
        "name": "Authoritarian policy",
        "era": "Dusk era",
        "priorities": {
            "Neutral": 5,
            "Cultural": 5,
            "Diplomatic": 5,
            "Domination": 5,
            "Scientific": 5
        },
        "uniques": [
            ""
        ],
        "policies": [
            {
                "name": "Ascension ceremony",
                "uniques": [
                    ""
                ],
                "row": 1,
                "column": 3
            },
            {
                "name": "Royal army",
                "uniques": [
                    ""
                ],
                "requires": ["Ascension ceremony"],
                "row": 2,
                "column":1
            },
            {
                "name": "New imperial court",
                "uniques": [
                    ""
                ],
                "requires": ["Ascension ceremony"],
                "row": 2,
                "column": 3
            },
            {
                "name": "Royal industry",
                "uniques": [
                    ""
                ],
                "requires": ["Ascension ceremony"],
                "row": 2,
                "column": 5
            },
            {
                "name": "Military honor",
                "uniques": [
                    ""
                ],
                "requires": ["Royal army"],
                "row": 3,
                "column": 1
            },
            {
                "name": "Senate",
                "uniques": [
                    ""
                ],
                "requires": ["New imperial court"],
                "row": 3,
                "column": 3
            },
            {
                "name": "National trade union",
                "uniques": [
                    ""
                ],
                "requires": ["Royal industry"],
                "row": 3,
                "column": 5
            },
            {
                "name": "A thriving kingdom",
                "uniques": [
                    ""
                ],
                "requires": ["Military honor","Senate","National trade union"],
                "row": 4,
                "column": 3
            },
            {
                "name": "Shenzhou the Great",
                "uniques": [
                    ""
                ],
                "requires": ["A thriving kingdom"],
                "row": 5,
                "column": 3
            },
            {
                "name": "Authoritarian policy Complete",
                "uniques": [
                    ""
                ],
            }
        ]
    },
    {
        "name": "Extreme nationalist policy",
        "era": "Dusk era",
        "priorities": {
            "Neutral": 5,
            "Cultural": 5,
            "Diplomatic": 5,
            "Domination": 5,
            "Scientific": 5
        },
        "uniques": [
            ""
        ],
        "policies": [
            {
                "name": "Revanchism",
                "uniques": [
                    ""
                ],
                "row": 1,
                "column": 3
            },
            {
                "name": "National army",
                "uniques": [
                    ""
                ],
                "requires": ["Revanchism"],
                "row": 2,
                "column":1
            },
            {
                "name": "Patriotism law",
                "uniques": [
                    ""
                ],
                "requires": ["Revanchism"],
                "row": 2,
                "column": 3
            },
            {
                "name": "National industry",
                "uniques": [
                    ""
                ],
                "requires": ["Revanchism"],
                "row": 2,
                "column": 5
            },
            {
                "name": "National service",
                "uniques": [
                    ""
                ],
                "requires": ["National army","Patriotism law"],
                "row": 3,
                "column": 2
            },
            {
                "name": "Fourteen-hour working system",
                "uniques": [
                    ""
                ],
                "requires": ["Patriotism law","National industry"],
                "row": 3,
                "column": 4
            },
            {
                "name": "Reward martyrs' families",
                "uniques": [
                    ""
                ],
                "requires": ["National service"],
                "row": 4,
                "column": 2
            },
            {
                "name": "Revenge education",
                "uniques": [
                    ""
                ],
                "requires": ["Fourteen-hour working system"],
                "row": 4,
                "column": 4
            },
            {
                "name": "The last battle",
                "uniques": [
                    ""
                ],
                "requires": ["Reward martyrs' families","Revenge education"],
                "row": 5,
                "column": 3
            },
            {
                "name": "Extreme nationalist policy Complete",
                "uniques": [
                    ""
                ],
            }
        ]
    },
    {
        "name": "Theocracy policy",
        "era": "Dusk era",
        "priorities": {
            "Neutral": 5,
            "Cultural": 5,
            "Diplomatic": 5,
            "Domination": 5,
            "Scientific": 5
        },
        "uniques": [
            ""
        ],
        "policies": [
            {
                "name": "Shelter the people",
                "uniques": [
                    ""
                ],
                "row": 1,
                "column": 2
            },
            {
                "name": "Publish classics",
                "uniques": [
                    ""
                ],
                "row": 1,
                "column":4
            },
            {
                "name": "Holy army",
                "uniques": [
                    ""
                ],
                "requires": ["Shelter the people"],
                "row": 2,
                "column": 1
            },
            {
                "name": "People of god",
                "uniques": [
                    ""
                ],
                "requires": ["Shelter the people","Publish classics"],
                "row": 2,
                "column": 3
            },
            {
                "name": "Spread the gospel",
                "uniques": [
                    ""
                ],
                "requires": ["Publish classics"],
                "row": 2,
                "column": 5
            },
            {
                "name": "Guarding believers",
                "uniques": [
                    ""
                ],
                "requires": ["Holy army","People of god"],
                "row": 3,
                "column": 2
            },
            {
                "name": "Stray lamb",
                "uniques": [
                    ""
                ],
                "requires": ["People of god","Spread the gospel"],
                "row": 3,
                "column": 4
            },
            {
                "name": "And defend pagans",
                "uniques": [
                    ""
                ],
                "requires": ["Guarding believers"],
                "row": 4,
                "column": 2
            },
            {
                "name": "Caring society",
                "uniques": [
                    ""
                ],
                "requires": ["Stray lamb"],
                "row": 4,
                "column": 4
            },
            {
                "name": "Theocracy policy Complete",
                "uniques": [
                    ""
                ],
            }
        ]
    },
    {
        "name": "Trade unionism policy",
        "era": "Dusk era",
        "priorities": {
            "Neutral": 5,
            "Cultural": 5,
            "Diplomatic": 5,
            "Domination": 5,
            "Scientific": 5
        },
        "uniques": [
            ""
        ],
        "policies": [
            {
                "name": "Liberate workers",
                "uniques": [
                    ""
                ],
                "row": 1,
                "column": 3
            },
            {
                "name": "Red army",
                "uniques": [
                    ""
                ],
                "requires": ["Liberate workers"],
                "row": 2,
                "column":1
            },
            {
                "name": "Local workers' organizations",
                "uniques": [
                    ""
                ],
                "requires": ["Liberate workers"],
                "row": 2,
                "column": 3
            },
            {
                "name": "Evening school",
                "uniques": [
                    ""
                ],
                "requires": ["Liberate workers"],
                "row": 2,
                "column": 5
            },
            {
                "name": "Next stage",
                "uniques": [
                    ""
                ],
                "requires": ["Red army","Local workers' organizations","Evening school"],
                "row": 3,
                "column": 3
            },
            {
                "name": "Army party branch",
                "uniques": [
                    ""
                ],
                "requires": ["Next stage"],
                "row": 4,
                "column": 1
            },
            {
                "name": "People's congress",
                "uniques": [
                    ""
                ],
                "requires": ["Next stage"],
                "row": 4,
                "column": 3
            },
            {
                "name": "Pioneer workers",
                "uniques": [
                    ""
                ],
                "requires": ["Next stage"],
                "row": 4,
                "column": 5
            },
            {
                "name": "Our class brothers",
                "uniques": [
                    ""
                ],
                "requires": ["Army party branch","People's congress","Pioneer workers"],
                "row": 5,
                "column": 3
            },
            {
                "name": "Trade unionism policy Complete",
                "uniques": [
                    ""
                ],
            }
        ]
    },
    {
        "name": "Economic policy",
        "era": "Mignight era",
        "priorities": {
            "Neutral": 5,
            "Cultural": 5,
            "Diplomatic": 5,
            "Domination": 5,
            "Scientific": 5
        },
        "uniques": [
            ""
        ],
        "policies": [
            {
                "name": "Nationalization of private enterprises",
                "uniques": [
                    ""
                ],
                "row": 1,
                "column": 2
            },
            {
                "name": "Issue national debt",
                "uniques": [
                    ""
                ],
                "row": 1,
                "column":4
            },
            {
                "name": "Economic normalization",
                "uniques": [
                    ""
                ],
                "requires": ["Nationalization of private enterprises"],
                "row": 2,
                "column": 2
            },
            {
                "name": "International financial system",
                "uniques": [
                    ""
                ],
                "requires": ["Issue national debt"],
                "row": 2,
                "column": 4
            },
            {
                "name": "Economic modernization",
                "uniques": [
                    ""
                ],
                "requires": ["Economic normalization"],
                "row": 3,
                "column": 2
            },
            {
                "name": "Modernization of investment environment",
                "uniques": [
                    ""
                ],
                "requires": ["International financial system"],
                "row": 3,
                "column": 4
            },
            {
                "name": "Economic policy Complete",
                "uniques": [
                    ""
                ],
            }
        ]
    },
    {
        "name": "Scientific policy",
        "era": "Mignight era",
        "priorities": {
            "Neutral": 5,
            "Cultural": 5,
            "Diplomatic": 5,
            "Domination": 5,
            "Scientific": 5
        },
        "uniques": [
            ""
        ],
        "policies": [
            {
                "name": "Protect intellectuals",
                "uniques": [
                    ""
                ],
                "row": 1,
                "column": 2
            },
            {
                "name": "National scientific research investment",
                "uniques": [
                    ""
                ],
                "row": 1,
                "column":4
            },
            {
                "name": "Talent introduction system",
                "uniques": [
                    ""
                ],
                "requires": ["Protect intellectuals"],
                "row": 2,
                "column": 2
            },
            {
                "name": "Protect intellectual property rights",
                "uniques": [
                    ""
                ],
                "requires": ["Issue national debt"],
                "row": 2,
                "column": 4
            },
            {
                "name": "Educational modernization",
                "uniques": [
                    ""
                ],
                "requires": ["Talent introduction system"],
                "row": 3,
                "column": 2
            },
            {
                "name": "Modernization of scientific research",
                "uniques": [
                    ""
                ],
                "requires": ["Protect intellectual property rights"],
                "row": 3,
                "column": 4
            },
            {
                "name": "Scientific policy Complete",
                "uniques": [
                    ""
                ],
            }
        ]
    },
    {
        "name": "Military policy",
        "era": "Mignight era",
        "priorities": {
            "Neutral": 5,
            "Cultural": 5,
            "Diplomatic": 5,
            "Domination": 5,
            "Scientific": 5
        },
        "uniques": [
            ""
        ],
        "policies": [
            {
                "name": "Military service system",
                "uniques": [
                    ""
                ],
                "row": 1,
                "column": 2
            },
            {
                "name": "Staff system",
                "uniques": [
                    ""
                ],
                "row": 1,
                "column":4
            },
            {
                "name": "Exemption from conscription",
                "uniques": [
                    ""
                ],
                "requires": ["Military service system"],
                "row": 2,
                "column": 2
            },
            {
                "name": "Officer conferment",
                "uniques": [
                    ""
                ],
                "requires": ["Staff system"],
                "row": 2,
                "column": 4
            },
            {
                "name": "Military modernization",
                "uniques": [
                    ""
                ],
                "requires": ["Exemption from conscription"],
                "row": 3,
                "column": 2
            },
            {
                "name": "Modernization of command system",
                "uniques": [
                    ""
                ],
                "requires": ["Officer conferment"],
                "row": 3,
                "column": 4
            },
            {
                "name": "Military policy Complete",
                "uniques": [
                    ""
                ],
            }
        ]
    }
]
