[
	{
		"columnNumber": 0,
		"era": "Dusk era",
		"techCost": 20,
		"buildingCost": 40,
		"wonderCost": 185,
		"techs": [
			{
				"name": "Rising from the wasteland",
				"row": 7,
				"quote": "'The flat sand stretches endlessly, with no one to see. The river water lingers, and the mountains are in dispute. It is gloomy and desolate, with the wind and sun mournful. The grass is withered and the canopy is broken, like a frosty morning. Birds cannot fly down, and beasts perish in flocks.' - (Tang)LiHua",
				"uniques": [""]
			}
		]
	},
	{
		"columnNumber": 1,
		"era": "Dusk era",
		"techCost": 20,
		"buildingCost": 40,
		"wonderCost": 185,
		"techs": [
			{
				"name": "Rescue knowledge",
				"row": 1,
				"prerequisites": ["Rising from the wasteland"],
				"quote": "War is hell.",
				"uniques": [""]
			},
			{
				"name": "Rescue economic",
				"row": 5,
				"prerequisites": ["Rising from the wasteland"],
				"quote": "War is hell.",
				"uniques": [""]
			},
			{
				"name": "Rescue industry",
				"row": 9,
				"prerequisites": ["Rising from the wasteland"],
				"quote": "War is hell.",
				"uniques": [""]
			},
			{
				"name": "Rescue weapons",
				"row": 13,
				"prerequisites": ["Rising from the wasteland"],
				"quote": "War is hell.",
				"uniques": [""]
			},
		]
	},
	{
		"columnNumber": 2,
		"era": "Dusk era",
		"techCost": 20,
		"buildingCost": 40,
		"wonderCost": 185,
		"techs": [
			{
				"name": "National Education Bureau",
				"row": 1,
				"prerequisites": ["Rescue knowledge"],
				"quote": "War is hell.",
				"uniques": [""]
			},
			{
				"name": "Ministry of Foreign Affairs",
				"row": 3,
				"prerequisites": ["Rescue knowledge"],
				"quote": "War is hell.",
				"uniques": [""]
			},
			{
				"name": "National Agricultural Bureau",
				"row": 4,
				"prerequisites": ["Rescue economic"],
				"quote": "War is hell.",
				"uniques": [""]
			},
			{
				"name": "Customs head office",
				"row": 6,
				"prerequisites": ["Rescue economic"],
				"quote": "War is hell.",
				"uniques": [""]
			},
			{
				"name": "National Ministry of Construction",
				"row": 8,
				"prerequisites": ["Rescue industry"],
				"quote": "War is hell.",
				"uniques": [""]
			},
			{
				"name": "National Bureau of Statistics",
				"row": 10,
				"prerequisites": ["Rescue industry"],
				"quote": "War is hell.",
				"uniques": [""]
			},
			{
				"name": "National Academy of Military Sciences",
				"row": 11,
				"prerequisites": ["Rescue weapons"],
				"quote": "War is hell.",
				"uniques": [""]
			},
			{
				"name": "General Staff Department",
				"row": 13,
				"prerequisites": ["Rescue weapons"],
				"quote": "War is hell.",
				"uniques": [""]
			},
		]
	},
	{
		"columnNumber": 3,
		"era": "Dusk era",
		"techCost": 20,
		"buildingCost": 40,
		"wonderCost": 185,
		"techs": [
			{
				"name": "National Academy of Sciences",
				"row": 1,
				"prerequisites": ["National Education Bureau","Ministry of Foreign Affairs"],
				"quote": "War is hell.",
				"uniques": [""]
			},
			{
				"name": "Treasury department",
				"row": 5,
				"prerequisites": ["National Agricultural Bureau","Customs head office"],
				"quote": "War is hell.",
				"uniques": [""]
			},
			{
				"name": "National Bureau of Industry",
				"row": 9,
				"prerequisites": ["National Ministry of Construction","National Bureau of Statistics"],
				"quote": "War is hell.",
				"uniques": [""]
			},
			{
				"name": "National Arsenal",
				"row": 13,
				"prerequisites": ["National Academy of Military Sciences","General Staff Department"],
				"quote": "War is hell.",
				"uniques": [""]
			},
		]
	},
	{
		"columnNumber": 4,
		"era": "Mignight era",
		"techCost": 20,
		"buildingCost": 40,
		"wonderCost": 185,
		"techs": [
			{
				"name": "Scientific development plan (4649~4653)",
				"row": 1,
				"prerequisites": ["National Academy of Sciences"],
				"quote": "War is hell.",
				"uniques": [""]
			},
			{
				"name": "Economic development plan (4649~4653)",
				"row": 5,
				"prerequisites": ["Treasury department"],
				"quote": "War is hell.",
				"uniques": [""]
			},
			{
				"name": "Industrial development plan (4649~4653)",
				"row": 9,
				"prerequisites": ["National Bureau of Industry"],
				"quote": "War is hell.",
				"uniques": [""]
			},
			{
				"name": "Military development plan (4649~4653)",
				"row": 13,
				"prerequisites": ["National Arsenal"],
				"quote": "War is hell.",
				"uniques": [""]
			},
		]
	},
	{
		"columnNumber": 5,
		"era": "Mignight era",
		"techCost": 20,
		"buildingCost": 40,
		"wonderCost": 185,
		"techs": [
			{
				"name": "Basic research equipment",
				"row": 1,
				"prerequisites": ["Scientific development plan (4649~4653)"],
				"quote": "War is hell.",
				"uniques": [""]
			},
			{
				"name": "Mechanical computer",
				"row": 3,
				"prerequisites": ["Scientific development plan (4649~4653)"],
				"quote": "War is hell.",
				"uniques": [""]
			},
			{
				"name": "Early greenhouse",
				"row": 4,
				"prerequisites": ["Economic development plan (4649~4653)"],
				"quote": "War is hell.",
				"uniques": [""]
			},
			{
				"name": "Early assembly line",
				"row": 6,
				"prerequisites": ["Economic development plan (4649~4653)"],
				"quote": "War is hell.",
				"uniques": [""]
			},
			{
				"name": "Electric textile machine tool",
				"row": 8,
				"prerequisites": ["Industrial development plan (4649~4653)"],
				"quote": "War is hell.",
				"uniques": [""]
			},
			{
				"name": "Automatic mining technology",
				"row": 10,
				"prerequisites": ["Industrial development plan (4649~4653)"],
				"quote": "War is hell.",
				"uniques": [""]
			},
			{
				"name": "Engine",
				"row": 11,
				"prerequisites": ["Military development plan (4649~4653)"],
				"quote": "War is hell.",
				"uniques": [""]
			},
			{
				"name": "Smokeless powder",
				"row": 13,
				"prerequisites": ["Military development plan (4649~4653)"],
				"quote": "War is hell.",
				"uniques": [""]
			},
		]
	},
	{
		"columnNumber": 6,
		"era": "Mignight era",
		"techCost": 20,
		"buildingCost": 40,
		"wonderCost": 185,
		"techs": [
			{
				"name": "National astronomical observatory",
				"row": 1,
				"prerequisites": ["Basic research equipment"],
				"quote": "War is hell.",
				"uniques": [""]
			},
			{
				"name": "Early control system",
				"row": 3,
				"prerequisites": ["Mechanical computer"],
				"quote": "War is hell.",
				"uniques": [""]
			},
			{
				"name": "Sugar industry",
				"row": 4,
				"prerequisites": ["Early greenhouse"],
				"quote": "War is hell.",
				"uniques": [""]
			},
			{
				"name": "Double entry bookkeeping",
				"row": 6,
				"prerequisites": ["Early assembly line"],
				"quote": "War is hell.",
				"uniques": [""]
			},
			{
				"name": "Cement",
				"row": 8,
				"prerequisites": ["Electric textile machine tool"],
				"quote": "War is hell.",
				"uniques": [""]
			},
			{
				"name": "Petroleum refining technology",
				"row": 10,
				"prerequisites": ["Automatic mining technology"],
				"quote": "War is hell.",
				"uniques": [""]
			},
			{
				"name": "Waterproof material",
				"row": 11,
				"prerequisites": ["Engine"],
				"quote": "War is hell.",
				"uniques": [""]
			},
			{
				"name": "Modern aerodynamics",
				"row": 12,
				"prerequisites": ["Engine"],
				"quote": "War is hell.",
				"uniques": [""]
			},
			{
				"name": "Lorry",
				"row": 13,
				"prerequisites": ["Engine"],
				"quote": "War is hell.",
				"uniques": [""]
			},
			{
				"name": "Bayonet",
				"row": 14,
				"prerequisites": ["Smokeless powder"],
				"quote": "War is hell.",
				"uniques": [""]
			},
			{
				"name": "Detonator",
				"row": 15,
				"prerequisites": ["Smokeless powder"],
				"quote": "War is hell.",
				"uniques": [""]
			},
		]
	},
	{
		"columnNumber": 7,
		"era": "Mignight era",
		"techCost": 20,
		"buildingCost": 40,
		"wonderCost": 185,
		"techs": [
			{
				"name": "Refined glass",
				"row": 1,
				"prerequisites": ["National astronomical observatory"],
				"quote": "War is hell.",
				"uniques": [""]
			},
			{
				"name": "Transistor computer",
				"row": 3,
				"prerequisites": ["Early control system"],
				"quote": "War is hell.",
				"uniques": [""]
			},
			{
				"name": "Fertilizer",
				"row": 4,
				"prerequisites": ["Sugar industry"],
				"quote": "War is hell.",
				"uniques": [""]
			},
			{
				"name": "Station system",
				"row": 6,
				"prerequisites": ["Double entry bookkeeping"],
				"quote": "War is hell.",
				"uniques": [""]
			},
			{
				"name": "Synthetic rubber",
				"row": 8,
				"prerequisites": ["Cement"],
				"quote": "War is hell.",
				"uniques": [""]
			},
			{
				"name": "Purified aluminum",
				"row": 10,
				"prerequisites": ["Petroleum refining technology"],
				"quote": "War is hell.",
				"uniques": [""]
			},
			{
				"name": "Rifling",
				"row": 15,
				"prerequisites": ["Detonator"],
				"quote": "War is hell.",
				"uniques": [""]
			},
		]
	},
	{
		"columnNumber": 8,
		"era": "Mignight era",
		"techCost": 20,
		"buildingCost": 40,
		"wonderCost": 185,
		"techs": [
			{
				"name": "National laboratory",
				"row": 1,
				"prerequisites": ["Refined glass"],
				"quote": "War is hell.",
				"uniques": [""]
			},
			{
				"name": "Signal circuit",
				"row": 3,
				"prerequisites": ["Transistor computer"],
				"quote": "War is hell.",
				"uniques": [""]
			},
			{
				"name": "Hybrid crop",
				"row": 4,
				"prerequisites": ["Fertilizer"],
				"quote": "War is hell.",
				"uniques": [""]
			},
			{
				"name": "Investment bill",
				"row": 6,
				"prerequisites": ["Station system"],
				"quote": "War is hell.",
				"uniques": [""]
			},
			{
				"name": "Plastics",
				"row": 8,
				"prerequisites": ["Synthetic rubber"],
				"quote": "War is hell.",
				"uniques": [""]
			},
			{
				"name": "Uranium seal",
				"row": 10,
				"prerequisites": ["Purified aluminum"],
				"quote": "War is hell.",
				"uniques": [""]
			},
			{
				"name": "Sealed hull",
				"row": 11,
				"prerequisites": ["Waterproof material"],
				"quote": "War is hell.",
				"uniques": [""]
			},
			{
				"name": "Propeller",
				"row": 12,
				"prerequisites": ["Modern aerodynamics"],
				"quote": "War is hell.",
				"uniques": [""]
			},
			{
				"name": "Vehicle armor",
				"row": 13,
				"prerequisites": ["Lorry"],
				"quote": "War is hell.",
				"uniques": [""]
			},
			{
				"name": "Angle measuring mirror",
				"row": 14,
				"prerequisites": ["Bayonet"],
				"quote": "War is hell.",
				"uniques": [""]
			},
			{
				"name": "Mechanical sight",
				"row": 15,
				"prerequisites": ["Rifling"],
				"quote": "War is hell.",
				"uniques": [""]
			},
		]
	},
	{
		"columnNumber": 9,
		"era": "Mignight era",
		"techCost": 20,
		"buildingCost": 40,
		"wonderCost": 185,
		"techs": [
			{
				"name": "Scientific development plan (4649~4653) complete",
				"row": 1,
				"prerequisites": ["National laboratory","Signal circuit"],
				"quote": "War is hell.",
				"uniques": [""]
			},
			{
				"name": "Economic development plan (4649~4653) complete",
				"row": 5,
				"prerequisites": ["Hybrid crop","Investment bill"],
				"quote": "War is hell.",
				"uniques": [""]
			},
			{
				"name": "Industrial development plan (4649~4653) complete",
				"row": 9,
				"prerequisites": ["Plastics","Uranium seal"],
				"quote": "War is hell.",
				"uniques": [""]
			},
			{
				"name": "Military development plan (4649~4653) complete",
				"row": 13,
				"prerequisites": ["Angle measuring mirror","Mechanical sight"],
				"quote": "War is hell.",
				"uniques": [""]
			},
		]
	},
	{
		"columnNumber": 10,
		"era": "Dawn era",
		"techCost": 20,
		"buildingCost": 40,
		"wonderCost": 185,
		"techs": [
			{
				"name": "Scientific development plan (4653~4656)",
				"row": 1,
				"prerequisites": ["Scientific development plan (4649~4653) complete"],
				"quote": "War is hell.",
				"uniques": [""]
			},
			{
				"name": "Economic development plan (4653~4656)",
				"row": 5,
				"prerequisites": ["Economic development plan (4649~4653) complete"],
				"quote": "War is hell.",
				"uniques": [""]
			},
			{
				"name": "Industrial development plan (4653~4656)",
				"row": 9,
				"prerequisites": ["Industrial development plan (4649~4653) complete"],
				"quote": "War is hell.",
				"uniques": [""]
			},
			{
				"name": "Military development plan (4653~4656)",
				"row": 13,
				"prerequisites": ["Military development plan (4649~4653) complete"],
				"quote": "War is hell.",
				"uniques": [""]
			},
		]
	},
	{
		"columnNumber": 11,
		"era": "Dawn era",
		"techCost": 20,
		"buildingCost": 40,
		"wonderCost": 185,
		"techs": [
			{
				"name": "Electron microscope",
				"row": 1,
				"prerequisites": ["Scientific development plan (4653~4656)"],
				"quote": "War is hell.",
				"uniques": [""]
			},
			{
				"name": "Integrated circuit computer",
				"row": 3,
				"prerequisites": ["Scientific development plan (4653~4656)"],
				"quote": "War is hell.",
				"uniques": [""]
			},
			{
				"name": "Modern greenhouse",
				"row": 4,
				"prerequisites": ["Economic development plan (4653~4656)"],
				"quote": "War is hell.",
				"uniques": [""]
			},
			{
				"name": "Modern production line",
				"row": 6,
				"prerequisites": ["Economic development plan (4653~4656)"],
				"quote": "War is hell.",
				"uniques": [""]
			},
			{
				"name": "Integrated circuit",
				"row": 8,
				"prerequisites": ["Industrial development plan (4653~4656)"],
				"quote": "War is hell.",
				"uniques": [""]
			},
			{
				"name": "Enriched uranium technology",
				"row": 10,
				"prerequisites": ["Industrial development plan (4653~4656)"],
				"quote": "War is hell.",
				"uniques": [""]
			},
			{
				"name": "Guidance technology",
				"row": 11,
				"prerequisites": ["Military development plan (4653~4656)"],
				"quote": "War is hell.",
				"uniques": [""]
			},
			{
				"name": "Modern gunpowder",
				"row": 13,
				"prerequisites": ["Military development plan (4653~4656)"],
				"quote": "War is hell.",
				"uniques": [""]
			},
		]
	},
	{
		"columnNumber": 12,
		"era": "Dawn era",
		"techCost": 20,
		"buildingCost": 40,
		"wonderCost": 185,
		"techs": [
			{
				"name": "Particle collider",
				"row": 1,
				"prerequisites": ["Electron microscope"],
				"quote": "War is hell.",
				"uniques": [""]
			},
			{
				"name": "Digital circuit",
				"row": 3,
				"prerequisites": ["Integrated circuit computer"],
				"quote": "War is hell.",
				"uniques": [""]
			},
			{
				"name": "Canning technology",
				"row": 4,
				"prerequisites": ["Modern greenhouse"],
				"quote": "War is hell.",
				"uniques": [""]
			},
			{
				"name": "Regional monetary system",
				"row": 6,
				"prerequisites": ["Modern production line"],
				"quote": "War is hell.",
				"uniques": [""]
			},
			{
				"name": "Chip",
				"row": 8,
				"prerequisites": ["Integrated circuit"],
				"quote": "War is hell.",
				"uniques": [""]
			},
			{
				"name": "Uranium weaponized",
				"row": 10,
				"prerequisites": ["Enriched uranium technology"],
				"quote": "War is hell.",
				"uniques": [""]
			},
			{
				"name": "Early shipborne missile",
				"row": 11,
				"prerequisites": ["Guidance technology"],
				"quote": "War is hell.",
				"uniques": [""]
			},
			{
				"name": "Early airborne missile",
				"row": 12,
				"prerequisites": ["Guidance technology"],
				"quote": "War is hell.",
				"uniques": [""]
			},
			{
				"name": "Rotating main gun",
				"row": 13,
				"prerequisites": ["Guidance technology"],
				"quote": "War is hell.",
				"uniques": [""]
			},
			{
				"name": "Tactical measuring instrument",
				"row": 14,
				"prerequisites": ["Modern gunpowder"],
				"quote": "War is hell.",
				"uniques": [""]
			},
			{
				"name": "Semi-automatic rifle",
				"row": 15,
				"prerequisites": ["Modern gunpowder"],
				"quote": "War is hell.",
				"uniques": [""]
			},
		]
	},
	{
		"columnNumber": 13,
		"era": "Dawn era",
		"techCost": 20,
		"buildingCost": 40,
		"wonderCost": 185,
		"techs": [
			{
				"name": "Laser generator",
				"row": 1,
				"prerequisites": ["Particle collider"],
				"quote": "War is hell.",
				"uniques": [""]
			},
			{
				"name": "Modern computer",
				"row": 3,
				"prerequisites": ["Digital circuit"],
				"quote": "War is hell.",
				"uniques": [""]
			},
			{
				"name": "Transgenic crops",
				"row": 4,
				"prerequisites": ["Canning technology"],
				"quote": "War is hell.",
				"uniques": [""]
			},
			{
				"name": "Modern performance appraisal system",
				"row": 6,
				"prerequisites": ["Regional monetary system"],
				"quote": "War is hell.",
				"uniques": [""]
			},
			{
				"name": "High polymer",
				"row": 8,
				"prerequisites": ["Chip"],
				"quote": "War is hell.",
				"uniques": [""]
			},
			{
				"name": "Titanium refining",
				"row": 10,
				"prerequisites": ["Uranium weaponized"],
				"quote": "War is hell.",
				"uniques": [""]
			},
			{
				"name": "Folding buttstock",
				"row": 15,
				"prerequisites": ["Semi-automatic rifle"],
				"quote": "War is hell.",
				"uniques": [""]
			},
		]
	},
	{
		"columnNumber": 14,
		"era": "Dawn era",
		"techCost": 20,
		"buildingCost": 40,
		"wonderCost": 185,
		"techs": [
			{
				"name": "Modern comprehensive laboratory",
				"row": 1,
				"prerequisites": ["Laser generator"],
				"quote": "War is hell.",
				"uniques": [""]
			},
			{
				"name": "Computer language",
				"row": 3,
				"prerequisites": ["Modern computer"],
				"quote": "War is hell.",
				"uniques": [""]
			},
			{
				"name": "Test tube crop",
				"row": 4,
				"prerequisites": ["Transgenic crops"],
				"quote": "War is hell.",
				"uniques": [""]
			},
			{
				"name": "Shareholding system",
				"row": 6,
				"prerequisites": ["Modern performance appraisal system"],
				"quote": "War is hell.",
				"uniques": [""]
			},
			{
				"name": "Synthetic diamond",
				"row": 8,
				"prerequisites": ["High polymer"],
				"quote": "War is hell.",
				"uniques": [""]
			},
			{
				"name": "Weaponized titanium alloy",
				"row": 10,
				"prerequisites": ["Titanium refining"],
				"quote": "War is hell.",
				"uniques": [""]
			},
			{
				"name": "Modern shipborne missile",
				"row": 11,
				"prerequisites": ["Early shipborne missile"],
				"quote": "War is hell.",
				"uniques": [""]
			},
			{
				"name": "Morden airborne missile",
				"row": 12,
				"prerequisites": ["Early airborne missile"],
				"quote": "War is hell.",
				"uniques": [""]
			},
			{
				"name": "Composite reactive armor",
				"row": 13,
				"prerequisites": ["Rotating main gun"],
				"quote": "War is hell.",
				"uniques": [""]
			},
			{
				"name": "Propulsion cannon ball",
				"row": 14,
				"prerequisites": ["Tactical measuring instrument"],
				"quote": "War is hell.",
				"uniques": [""]
			},
			{
				"name": "Infrared sight",
				"row": 15,
				"prerequisites": ["Folding buttstock"],
				"quote": "War is hell.",
				"uniques": [""]
			},
		]
	},
	{
		"columnNumber": 15,
		"era": "Dawn era",
		"techCost": 20,
		"buildingCost": 40,
		"wonderCost": 185,
		"techs": [
			{
				"name": "Scientific development plan (4653~4656) complete",
				"row": 1,
				"prerequisites": ["Modern comprehensive laboratory","Computer language"],
				"quote": "War is hell.",
				"uniques": [""]
			},
			{
				"name": "Economic development plan (4653~4656) complete",
				"row": 5,
				"prerequisites": ["Test tube crop","Shareholding system"],
				"quote": "War is hell.",
				"uniques": [""]
			},
			{
				"name": "Industrial development plan (4653~4656) complete",
				"row": 9,
				"prerequisites": ["Synthetic diamond","Weaponized titanium alloy"],
				"quote": "War is hell.",
				"uniques": [""]
			},
			{
				"name": "Military development plan (4653~4656) complete",
				"row": 13,
				"prerequisites": ["Propulsion cannon ball","Infrared sight"],
				"quote": "War is hell.",
				"uniques": [""]
			},
		]
	},
	{
		"columnNumber": 16,
		"era": "Morning era",
		"techCost": 20,
		"buildingCost": 40,
		"wonderCost": 185,
		"techs": [
			{
				"name": "Never sinking heart",
				"row": 1,
				"prerequisites": ["Scientific development plan (4653~4656) complete"],
				"quote": "War is hell.",
				"uniques": [""]
			},
			{
				"name": "Never dull eyes",
				"row": 5,
				"prerequisites": ["Economic development plan (4653~4656) complete"],
				"quote": "War is hell.",
				"uniques": [""]
			},
			{
				"name": "Never ending foot",
				"row": 9,
				"prerequisites": ["Industrial development plan (4653~4656) complete"],
				"quote": "War is hell.",
				"uniques": [""]
			},
			{
				"name": "Never rust fist",
				"row": 13,
				"prerequisites": ["Military development plan (4653~4656) complete"],
				"quote": "War is hell.",
				"uniques": [""]
			},
		]
	},
	{
		"columnNumber": 17,
		"era": "Morning era",
		"techCost": 20,
		"buildingCost": 40,
		"wonderCost": 185,
		"techs": [
			{
				"name": "Liquid rocket technology",
				"row": 1,
				"prerequisites": ["Never sinking heart"],
				"quote": "War is hell.",
				"uniques": [""]
			},
			{
				"name": "Super computer",
				"row": 3,
				"prerequisites": ["Never sinking heart"],
				"quote": "War is hell.",
				"uniques": [""]
			},
			{
				"name": "Early cloning technology",
				"row": 4,
				"prerequisites": ["Never dull eyes"],
				"quote": "War is hell.",
				"uniques": [""]
			},
			{
				"name": "Dongzhou trade agreement",
				"row": 6,
				"prerequisites": ["Never dull eyes"],
				"quote": "War is hell.",
				"uniques": [""]
			},
			{
				"name": "Space metal",
				"row": 8,
				"prerequisites": ["Never ending foot"],
				"quote": "War is hell.",
				"uniques": [""]
			},
			{
				"name": "Experimental industrial manipulator",
				"row": 10,
				"prerequisites": ["Never ending foot"],
				"quote": "War is hell.",
				"uniques": [""]
			},
			{
				"name": "Multi-arms integrated combat system",
				"row": 11,
				"prerequisites": ["Never rust fist"],
				"quote": "War is hell.",
				"uniques": [""]
			},
			{
				"name": "Synthetic infantry brigade",
				"row": 13,
				"prerequisites": ["Never rust fist"],
				"quote": "War is hell.",
				"uniques": [""]
			},
		]
	},
	{
		"columnNumber": 18,
		"era": "Morning era",
		"techCost": 20,
		"buildingCost": 40,
		"wonderCost": 185,
		"techs": [
			{
				"name": "The starry sky is waiting",
				"row": 1,
				"prerequisites": ["Liquid rocket technology","Super computer"],
				"quote": "War is hell.",
				"uniques": [""]
			},
			{
				"name": "Return to the world",
				"row": 5,
				"prerequisites": ["Early cloning technology","Dongzhou trade agreement"],
				"quote": "War is hell.",
				"uniques": [""]
			},
			{
				"name": "Steel is burning",
				"row": 9,
				"prerequisites": ["Space metal","Experimental industrial manipulator"],
				"quote": "War is hell.",
				"uniques": [""]
			},
			{
				"name": "Shenzhou shield",
				"row": 13,
				"prerequisites": ["Multi-arms integrated combat system","Synthetic infantry brigade"],
				"quote": "War is hell.",
				"uniques": [""]
			},
		]
	},
	{
		"columnNumber": 19,
		"era": "Morning era",
		"techCost": 20,
		"buildingCost": 40,
		"wonderCost": 185,
		"techs": [
			{
				"name": "The door to the future",
				"row": 7,
				"prerequisites": ["The starry sky is waiting","Return to the world","Steel is burning","Shenzhou shield"],
				"quote": "War is hell.",
				"uniques": [""]
			}
		]
	},
]
