[
    {
    "name":"SAP-SF Update log",
    "civilopediaText":[
        { 
            "text": "SAP-SF-0.3beta",
            "size":25
        },
        { 
            "text": "Joined the unit data, and set the time data and game difficulty; Completed the background introduction.",
            "size":20
        },
        { 
            "text": "SAP-SF-0.2beta",
            "size":25
        },
        { 
            "text": "Added policy framework and standard speed (500t, 4648~4660).",
            "size":20
        },
        { 
            "text": "SAP-SF-0.1beta",
            "size":25
        },
        { 
            "text": "Added the basic structure of technology tree.",
            "size":20
        },
    ]
    },
    {
        "name":"SAP-SF: Introduction to world outlook",
        "civilopediaText":[
            { 
                "text": "龙陨",
                "size":40
            },
            { 
                "text": "血泪",
                "size":30
            },
            { 
                "text": "抗争",
                "size":25
            },
            { 
                "text": "4638年，升阳帝国入侵东洲。面对超古代遗迹生产的先进机甲部队，神州军队且战且退，于首都天都附近准备了环形防御圈，准备在此痛击升阳部队。",
                "size":20
            },
            { 
                "text": "牺牲",
                "size":25
            },
            { 
                "text": "但是所有人都没有想到，升阳帝国已经从超古代遗迹中学习了月华矿武器化技术。通过这种处理技术，她们制成了全世界第一颗月华炸弹，当量2万吨。这种炸弹不但具有恐怖的威力，而且会留下难以清除的月华辐射。5月的一天，这颗炸弹落在了天都市中心，火浪摧毁了整个天都，与神州一半的精锐步兵。",
                "size":20
            },
            { 
                "text": "丧乱",
                "size":25
            },
            { 
                "text": "全世界为天都的毁灭而震惊，而对于神州来说，最惨痛的损失莫过于禁卫军领袖朱秋的失踪。当时她正在天都阅兵场检阅部队。准备对升阳执行新一轮战争计划。当火浪摧毁天都后，人们却再也没有找到过朱秋————无论是活人还是尸体。许多人猜测，也许这位不死的神州领袖被月华爆炸彻底吞噬。",
                "size":20
            },
            { 
                "text": "曙光",
                "size":30
            },
            { 
                "text": "勇者",
                "size":25
            },
            { 
                "text": "但这并不足以让神州这个伟大的国家毁灭————她们早已历经了沧桑，又怎么会如此轻易灭亡。禁卫军元帅张希凯果断接过了国家指挥权，宣布神州将继续对升阳作战。而升阳的月华储备量极其有限，无法再拿出第二枚月华炸弹。就这样，神州军队背靠着天都的废墟，对升阳发起了反攻。",
                "size":20
            },
            { 
                "text": "惨胜",
                "size":25
            },
            { 
                "text": "在长达半年痛苦的拉锯战中，升阳帝国首先陷入了危机。升阳帝国决策层一致决定，有序将军队撤出神州本土。神州取得了对升阳帝国战争的胜利，但这是一场残胜，流离失所的神州人民不计其数，且洛神港与安阳列岛仍然被升阳军队占据。疲惫的神州无力追逐败退的升阳，一纸无条件和平条约就此签订。",
                "size":20
            },
            { 
                "text": "喘息",
                "size":25
            },
            { 
                "text": "战争结束了。在军政府的领导下，神州开始了艰难的重建工作。升阳入侵带来的创伤虽然仍在，但已开始逐渐愈合。神州人民乐观地相信，过不了多久，生活就会回到原有的轨迹。",
                "size":20
            },
            { 
                "text": "混乱",
                "size":30
            },
            { 
                "text": "天灾",
                "size":25
            },
            { 
                "text": "4642年的一个平凡的夜晚，无数月骸生物从北方对全世界发起了进攻。正在全力恢复经济的神州毫无准备，不到三个月，神州北卫军被月骸生物击溃，几十万人成为了月骸生物的食物。",
                "size":20
            },
            { 
                "text": "援手",
                "size":25
            },
            { 
                "text": "不久后，全世界国家再一次为了抗击月骸入侵而并肩作战。来自西洲与中洲的志愿军开赴神州北方，与神州军队并肩作战。在全世界的围剿下，月骸生物在两个月后被逐出大陆，重新回到了她们原本的聚集地。月骸生物学家预测，五十年内月骸都无力再组织如此规模的进攻了。",
                "size":20
            },
            { 
                "text": "危难",
                "size":25
            },
            { 
                "text": "虽然月骸被击退，但神州三年以来的希望连同大半个国家的经济建设成果被摔了个粉碎。对军政府的抗议浪潮日复一日，神州陷入了自我毁灭的囚笼。",
                "size":20
            },
            { 
                "text": "梦魇",
                "size":30
            },
            { 
                "text": "豺狼",
                "size":25
            },
            { 
                "text": "神州的虚弱在抗击月骸之战中毕露无疑，与法兰帝国签订了和约的升阳再次发起了对神州的进攻。而这一次，混乱中的神州军队再也无力阻止敌人的进犯。",
                "size":20
            },
            { 
                "text": "崩溃",
                "size":25
            },
            { 
                "text": "在升阳势如破竹的进攻下，神州不出意料的迎来了总崩溃。张希凯元帅带领禁卫军在中央岛设防，希望为平民的撤离争取时间，但这一次，升阳带着54枚战术月华炸弹而来。据升阳地质专家测量，被二次爆破的中央岛地面高度比战前低了二到三米。",
                "size":20
            },
            { 
                "text": "血宴",
                "size":25
            },
            { 
                "text": "神州战败了。升阳帝国满载神州人民的财富而去，四个总督区在神州的废墟上设立，而中央岛————这象征神州精神，亦屡次承载升阳怒火的城市，被交给了无情的刽子手，对所有生命进行无差别的残杀。",
                "size":20
            },
            { 
                "text": "终末",
                "size":30
            },
            { 
                "text": "自此以后，无数军阀国家在废墟上崛起，残杀，覆灭。据莫比斯中央电视台报道，截止到4848年1月，神州人口不足战前的五分之二。神州死了。也许只有神知道，这片大地是否还有未来。",
                "size":25
            },
            { 
                "text": "寰宇",
                "size":40
            },
            { 
                "text": "风云",
                "size":25
            },
            { 
                "text": "在月华炸弹的威慑下，第一次秩序战争草草收场，主要强国第一时间全体投入研发月华炸弹。随着莫比斯与洛维斯塔两个拥核大国的全面冷战开始，瑟瑟发抖的法兰帝国，奇恩帝国与南西洲劳动者同盟宣布成立西洲同盟，以此保卫自身的存在。升阳帝国虽然在军事上收获颇丰。但自身经济体制难以持续，只能靠压榨殖民地维持优渥的生活水平。世界自此进入升阳、西洲同盟、洛维斯塔与莫比斯四方冷战时代。",
                "size":20
            },
            { 
                "text": "四极",
                "size":30
            },
            { 
                "text": "巨熊",
                "size":25
            },
            { 
                "text": "莫比斯帝国，四极之一，帝国同盟的领袖。战后莫比斯仍然为军政体制，但几乎所有政策都变得更为温和。莫比斯对外务兴趣不大，它致力于维持自身实力范围内的绝对稳定。",
                "size":20
            },
            { 
                "text": "雄鹰",
                "size":25
            },
            { 
                "text": "洛维斯塔共和国，四极之一，自由国家组织的领袖。洛维斯塔是自由主义的倡导者和践行者，作为曾经的专制主义受害者，它积极帮助每一个自由主义政权实现国家独立与统一。",
                "size":20
            },
            { 
                "text": "猛虎",
                "size":25
            },
            { 
                "text": "升阳帝国，四极之一，东洲互助协定的领袖。作为一个极端军国主义国家，升阳帝国有一支令人胆寒的军队，占据着东洲最富饶的土地————原本的神州东部。但强大的外表下，一些不和谐的思想在茁壮成长，谁也不知道这将对升阳帝国的未来带来怎样的影响。",
                "size":20
            },
            { 
                "text": "群狼",
                "size":25
            },
            { 
                "text": "西洲同盟，四极之一，领导者为法兰帝国、奇恩帝国与南西洲劳动者同盟。西洲同盟在立场上偏向工团主义，愿意为工团主义国家提供援助。但随着西洲同盟自身力量的增强，同盟中的裂痕也日益扩大，西洲同盟能否安稳挺到下一个十年，仍有待观察。",
                "size":20
            },
            { 
                "text": "邻邦",
                "size":30
            },
            { 
                "text": "鬣犬",
                "size":25
            },
            { 
                "text": "雅蒂安共和国，自由主义国家。洛维斯塔在东雅蒂安地区扶植的自由主义盟友，仇恨神州，在神州内战开始后派兵占据了原西卫军的大片领土",
                "size":20
            },
            { 
                "text": "隐士",
                "size":25
            },
            { 
                "text": "南神州中立区，中立主义国家。神州内战开始后，南卫军宣布脱离神州并成为中立区，并宣称当神州统一时会回归。南神州中立区几乎不参与国际事务，全世界对其知之甚少",
                "size":20
            },
            { 
                "text": "伤痕",
                "size":25
            },
            { 
                "text": "北部废土，无政府状态。经过数次屠戮，北卫军原大陆领地几乎渺无人烟，幸存者们放弃了组成国家的想法，在废墟中静静生活着。",
                "size":20
            },
            { 
                "text": "残响",
                "size":40
            },
            { 
                "text": "废都",
                "size":25
            },
            { 
                "text": "神州救国军，领导人张希凯，军政府军阀。张希凯元帅带领最后的禁卫军，在中央岛的废墟中与入侵者进行着绝望的斗争。残留的月华辐射与残暴的净化区士兵让救国军损失惨重，但她们早已将生死置之度外。救国军有一个梦想，神州受难的人民能生活在一个统一且强大的国家，能够接受充足且先进的教育，她们不必再为了生存而奔逃。为了这个梦想，张希凯元帅献出了半生的操劳，而救国军战士们情愿献出自己的生命。",
                "size":20
            },
            { 
                "text": "中央岛净化区，领导人佐乐海伦，升阳净化区。天都是一座坟墓，而她们希望将它刨棺戮尸，挫骨扬灰。拜她们所赐，毒气与酸液日夜侵蚀着中央岛，连飞鸟都不愿经过。在佐乐海伦的领导下，净化区士兵殚精竭虑地灭杀能见到的一切生命迹象。",
                "size":20
            },
            { 
                "text": "波涛",
                "size":25
            },
            { 
                "text": "安阳总督区，领导人野奈雅，升阳总督政府。安阳列岛丰富的农业资源被她们开发利用，数以万计的安阳奴工在田地里挥汗如雨，用她们的生命供养升阳的贵族。尽管列岛有游击队活动记录，但仍常年被升阳帝国评为模范总督区，野奈雅总督出色的粉饰与欺瞒技术可见一斑。",
                "size":20
            },
            { 
                "text": "三神院水师，领导人咲蝶，升阳协作水师。故乡的沦丧让安阳海军彻底丧失了斗争的力量，被升阳帝国收纳为水上治安部队，截杀从神州大陆偷渡的难民。但也并不是所有人都放弃了希望，在咲蝶上校的秘密支持下，一场起义将在三神院周边进行，而当起义号角响起之时，三神院水师会重得自由。",
                "size":20
            },
            { 
                "text": "南岛游击队，领导人咩亚子，自由主义军阀。安阳列岛的密林为游击队战士提供了优良的掩护，安阳总督区在她们的持续进攻下疲于奔命。对于每一名游击队战士来说，即使故乡已沦丧敌手，即使亲人已惨遭屠戮，但只要一息尚存，她们就会为祖国的自由而继续斗争。",
                "size":20
            },
            { 
                "text": "灯火",
                "size":25
            },
            { 
                "text": "洛神港总督区，领导人尼乐香奈，升阳总督政府（自由主义）。众所周知，洛神港总督区在升阳一众总督区中是一个异类，年轻的总督大人被认为是升阳军方中稀有的自由主义者。她用温和统治下高效的社会生产和名列前茅的资源供给量堵住了上层的嘴，从而在洛神港总督区实行独树一帜的自由主义政策。但很显然，军方中的强硬派不可能长久容忍总督的自由主义行为，只要逮住机会，她们将会毁灭这脆弱的人间天堂。",
                "size":20
            },
            { 
                "text": "南洛神港自治共和国，领导人彬惠，自由主义共和国。在尼乐香奈总督的宽容下，洛神港原住民建立起了一个自由主义共和国。尽管她们每个月都要按照升阳军方的苛刻配额上交粮食和矿产，但在混乱的东洲，这个小小的岛屿已经是无数人仰望的自由灯火。",
                "size":20
            },
            { 
                "text": "囚笼",
                "size":25
            },
            { 
                "text": "东部总督区，领导人般齐赫希，升阳总督政府。这本应是又一片平凡而罪恶的殖民地，但般齐赫希总督不得不应对内部的威胁————来自升阳帝国内部的狂热分子爱葛妮丝与她的手下意图更进一步，让东部总督区变为一片净化区。般齐赫希不认为自己是一个善良的人，她忠实地执行着升阳帝国的军令，将神州奴工的血汗化为金钱送回本土，甚至默许自己辖区内滋生的罪恶之种。但此刻，整个东部地区的命运正系于她之手，般齐赫希明白，如果自己不能阻止爱葛妮丝的疯狂，东部就将坠入制度化屠杀的地狱。",
                "size":20
            },
            { 
                "text": "帝国舰队，领导人北化奈，升阳海军第一舰队（军政府）。升阳海军第一舰队是整个升阳海军序列中战功最突出的舰队，曾在交界洋战争中重创法兰帝国海军。作为海军最年轻的上将，北化奈将军率领第一舰队驻防于神州东部，肩负起打击神州反抗军的任务。北化奈明白，自己率领的舰队在祖国赢得冷战的博弈中举足轻重，因此她准备把驻地的主要生产力投身于海军技术的研发中。",
                "size":20
            },
            { 
                "text": "东部联合游击队，领导人黄贝娅，军政府。游击队战士们的故乡已沦陷敌手，在遭到升阳帝国全面控制的神州东部，东部联合游击队是最庞大的，也许也是最后的残存反抗组织。由于缺枪少弹，游击队大量装备冷兵器，被升阳殖民者冠以“大刀贼”的称呼。在艰难的斗争环境中，黄贝娅将军为核心的军政府制定并开展了对根据地的全面改造工作，主要内容包括民兵动员、战时粮食生产与运输等。",
                "size":20
            },
            { 
                "text": "帝国科学院特遣军，领导人小安，净化区。特遣军驻地为帝国最高机密，即使是东部总督对她们的了解也仅限于一些捕风捉影的报告。升阳帝国科学院以升阳本土科学家与被胁迫的殖民地研究者为主，以小安为首的帝国科学院东部特遣组在游乐岛进行帝国所需的尖端武器实验，而实验材料的提供由特遣军一手包办。环境清幽的游乐岛，如今已变成名副其实的地狱，假如实验材料们仍然有余力向神祈祷，那她们渴求的的不再是希望，而是迅速而无痛苦的死亡",
                "size":20
            },
            { 
                "text": "大东洲烟草集团，领导人集团董事会，巨型企业。作为巨型垄断企业，大东洲烟草集团展现了名副其实的极低道德水准。事实上，虽然名为烟草集团，她们也进行军火贸易————在被贿赂的总督区官僚默许下。集团每年缴纳的极高税款是升阳帝国在冷战中最大的底气之一，为此帝国高层也对集团内部存在的一些“不那么人道”的制度视而不见。毕竟，那些奴工的死活跟她们有什么关系？",
                "size":20
            },
            { 
                "text": "林海",
                "size":25
            },
            { 
                "text": "环海总督区，领导人玛可娜，总督政府。环海总督区无疑是升阳众多殖民地中面积最大的一个————神州中部丰富的矿产与自然资源触手可及，远离本土的地理位置也给了她们更高的政策自由度。但是，同样由于离本土过远，总督区内渐渐泛起了一些异样的思想，下层官员们试图为自己的辖区赢取更多的权力，而反抗军与盗匪则趁机浑水摸鱼。玛可娜总督明白，环海总督区面临着一场迫在眉睫的危机，假如处置不当，帝国的荆棘花环就将四分五裂。",
                "size":20
            },
            { 
                "text": "卫昌难民区，领导人黎霖、周袂，自由主义。神州陨落多年来，流民四散，哀鸿遍野，而黎霖与周袂建立的卫昌难民区对这些困苦中的可怜人伸出了援手。无论信仰、种族与来路，难民区都平等给予她们生存的方寸之地。然而，艰苦的现实环境与总督区治安部队频繁的扫荡下，周袂担忧地发现，黎霖的精神状态似乎越来越不稳定……",
                "size":20
            },
            { 
                "text": "千竹王国，领导人唐煜，专制主义。神州中南部地区植被繁茂，气候炎热，历来是千竹人的家园，尽管千竹人在千年前就臣服于神州，并被慢慢转化成了神州的一份子，但时至今日，千竹人依然牢记着自己的身份。神州陨落后，千竹人首领唐煜举兵夺取了当地政权，建立了千竹王国。面对顺从的王国与易守难攻的地形，升阳帝国没有兴趣进犯王国的领土。唐煜国王很清楚，如今是科学的时代，她的族人若想要在神州内战中幸免于难，就必须改变以前的生活习惯，适应现代化的生活方式。",
                "size":20
            },
            { 
                "text": "哀岭军区，领导人苏洛娜，军政府。神州禁卫军残部之一，在升阳第二次全面入侵后奋勇抵抗，但孤军作战终究不敌，最终退入荒凉的哀岭群山之中。哀岭地区食物匮乏，不适宜长期生存，但矿物产量丰富，两年来，军区以部队屯垦与出售矿物换取生活消费品的方式勉强度日。但随着中部地区逐渐走向混战局面，军区也准备修缮军事装备，为夺取生存物资而战。",
                "size":20
            },
            { 
                "text": "秘密科研所，领导人江娜玉，极端民族主义。神州科学院的科学家们目睹了祖国的战败，一路向西撤退，直到霞城地区方才得到片刻喘息。她们心中的痛苦不言而喻，而这种痛苦最终化为了对尖端技术的狂热追求。江娜玉与每一位同僚相信，只要她们在这方寸之地获得超越升阳帝国的武器技术，那么神州就能再度不惧外敌。而获得这种技术的代价，不过是复仇之路上微不足道的牺牲",
                "size":20
            },
            { 
                "text": "江州卫国舰队，领导人汪花彩，极端民族主义。神州陨落后，残余的海军部队撤到了京江口地区。为了节省生存物资，卫国舰队封存了所有舰船与大部分从战场抢救回的重型火炮，以军政府的形式维持自身的存在。伴随着中部地区又一次陷入动乱，汪花彩将军宣布了名为“海神”的库存解封计划。舰队自身并没有明确的政治立场，但假如神州能恢复元气并统一国家，一支强大的海军将成为向仇敌进军的先锋————她们正在为此努力。",
                "size":20
            },
            { 
                "text": "黄沙",
                "size":25
            },
            { 
                "text": "白虎城军区，领导人张海桂，军政府。西卫军的任务已固定千年————为神州守西部边界，即使在神州陨落后也依然如此。尽管雅蒂安共和国的入侵夺取了大片西部领土，甚至还与江北可汗国联手发动了七次白虎城围城战，但西卫军却牢牢守卫着神州在西部最后的领土。也许西部的黄沙终究会成为她们的墓地，但那必将是英雄的墓地。",
                "size":20
            },
            { 
                "text": "江北可汗国，领导人塞里依一世，专制主义。辽阔的草原与戈壁是游牧民的家园，即使在神州千年同化后依然如此。神州陨落后，江北地区行政长官塞里依举起了保护族人的旗号，建立了江北可汗国，自封为塞里依一世。同为神州体系中不受待见的偏远附属民族，可汗国与雅蒂安共和国关系极佳，可汗国内甚至会有雅蒂安志愿部队帮助守卫国境。只要白虎城雄关陷落，万里神州山河就将被千年前的征服者再次踩在脚下。",
                "size":20
            },
            { 
                "text": "霜华",
                "size":25
            },
            { 
                "text": "北岛大教堂，领导人仁道教团，神权主义（温和派）。我若有先知讲道之能，也明白各样的奥秘，各样的知识，而且有全备的信，叫我能够移山，却没有爱，我就算不得什么。",
                "size":20
            },
            { 
                "text": "北岛工人联盟，领导人林芳，工团主义。起来，饥寒交迫的奴隶，起来，全世界受苦的人。满腔的热血已经沸腾，要为真理而斗争。",
                "size":20
            },
            { 
                "text": "北岛共和国，领导人帕真，自由主义。祖国的子民醒来吧，光荣的日子到来了。与我们为敌的暴君，血染的旗帜已经扬起。",
                "size":20
            },
            { 
                "text": "新凛冬军，领导人袁芙茜，极端民族主义。我们不羡慕侥幸偷生，愿意分享棺材。为他们报仇战死，就是我们最大的光彩。",
                "size":20
            },
        ]
        },
]
