[
	{
		"name": "Robbers faction",
		"baseHappiness": 15,
		"extraHappinessPerLuxury": 1,
		"researchCostModifier": 0.9,
		"unitCostModifier": 0.5,
		"unitSupplyBase": 10,
		"unitSupplyPerCity": 3,
		"buildingCostModifier": 0.5,
		"policyCostModifier": 0.5,
		"unhappinessModifier": 0.5,
		"barbarianBonus": 0.75,
		"barbarianSpawnDelay": 6,
		"playerBonusStartingUnits": [], 
        "aiDifficultyLevel": "Ambitious",
		"aiCityGrowthModifier": 1.6,
		"aiUnitCostModifier": 1.6,
		"aiBuildingCostModifier": 1.6,
		"aiWonderCostModifier": 1.6,
		"aiBuildingMaintenanceModifier": 1,
		"aiUnitMaintenanceModifier": 1,
		"aiUnitSupplyModifier": 0,
		"aiFreeTechs": [],
		"aiMajorCivBonusStartingUnits": [],
		"aiCityStateBonusStartingUnits": [],
		"aiUnhappinessModifier": 1,
		"aisExchangeTechs": false,
		"turnBarbariansCanEnterPlayerTiles": 20,
		"clearBarbarianCampReward": 50
	},
	{
		"name": "Warlord",
		"baseHappiness": 12,
		"extraHappinessPerLuxury": 0,
		"researchCostModifier": 0.95,
		"unitCostModifier": 0.75,
		"unitSupplyBase": 8,
		"unitSupplyPerCity": 2.5,
		"buildingCostModifier": 0.75,
		"policyCostModifier": 0.75,
		"unhappinessModifier": 0.75,
		"barbarianBonus": 0.5,
		"barbarianSpawnDelay": 4,
		"playerBonusStartingUnits": [],
        "aiDifficultyLevel": "Ambitious",
		"aiCityGrowthModifier": 1.3,
		"aiUnitCostModifier": 1.3,
		"aiBuildingCostModifier": 1.3,
		"aiWonderCostModifier": 1.4,
		"aiBuildingMaintenanceModifier": 1,
		"aiUnitMaintenanceModifier": 1,
		"aiUnitSupplyModifier": 0.1,
		"aiFreeTechs": [],
		"aiMajorCivBonusStartingUnits": [],
		"aiCityStateBonusStartingUnits": [],
		"aiUnhappinessModifier": 1,
		"aisExchangeTechs": false,
		"turnBarbariansCanEnterPlayerTiles": 10,
		"clearBarbarianCampReward": 45
	},
	{
		"name": "Ambitious",
		"baseHappiness": 9,
		"extraHappinessPerLuxury": 0,
		"researchCostModifier": 1,
		"unitCostModifier": 1,
		"unitSupplyBase": 6,
		"unitSupplyPerCity": 2,
		"buildingCostModifier": 1,
		"policyCostModifier": 1,
		"unhappinessModifier": 1,
		"barbarianBonus": 0.25,
		"barbarianSpawnDelay": 2,
		"playerBonusStartingUnits": [],
        "aiDifficultyLevel": "Ambitious",
		"aiCityGrowthModifier": 1,
		"aiUnitCostModifier": 1,
		"aiBuildingCostModifier": 1,
		"aiWonderCostModifier": 1.2,
		"aiBuildingMaintenanceModifier": 0.9,
		"aiUnitMaintenanceModifier": 0.9,
		"aiUnitSupplyModifier": 0.2,
		"aiFreeTechs": ["Rescue knowledge"],
		"aiMajorCivBonusStartingUnits": [],
		"aiCityStateBonusStartingUnits": [],
		"aiUnhappinessModifier": 0.9,
		"aisExchangeTechs": true,
		"turnBarbariansCanEnterPlayerTiles": 0,
		"clearBarbarianCampReward": 40
	},
	{
		"name": "Emperor",
		"baseHappiness": 9,
		"extraHappinessPerLuxury": 0,
		"researchCostModifier": 1,
		"unitCostModifier": 1,
		"unitSupplyBase": 5,
		"unitSupplyPerCity": 2,
		"buildingCostModifier": 1,
		"policyCostModifier": 1,
		"unhappinessModifier": 1,
		"barbarianBonus": 0.33,
		"barbarianSpawnDelay": 0,
		"playerBonusStartingUnits": [],
        "aiDifficultyLevel": "Ambitious",
		"aiCityGrowthModifier": 0.8,
		"aiUnitCostModifier": 0.8,
		"aiBuildingCostModifier": 0.8,
		"aiWonderCostModifier": 1,
		"aiBuildingMaintenanceModifier": 0.8,
		"aiUnitMaintenanceModifier": 0.8,
		"aiUnitSupplyModifier": 0.3,
		"aiFreeTechs": ["Rescue knowledge","Rescue economic"],
		"aiMajorCivBonusStartingUnits": [],
		"aiCityStateBonusStartingUnits": [],
		"aiUnhappinessModifier": 0.8,
		"aisExchangeTechs": true,
		"turnBarbariansCanEnterPlayerTiles": 0,
		"clearBarbarianCampReward": 35
	},
	{
		"name": "legend",
		"baseHappiness": 9,
		"extraHappinessPerLuxury": -1,
		"researchCostModifier": 1,
		"unitCostModifier": 1,
		"unitSupplyBase": 5,
		"unitSupplyPerCity": 2,
		"buildingCostModifier": 1,
		"policyCostModifier": 1,
		"unhappinessModifier": 1,
		"barbarianBonus": 0.33,
		"barbarianSpawnDelay": 0,
		"playerBonusStartingUnits": [],
        "aiDifficultyLevel": "Ambitious",
		"aiCityGrowthModifier": 0.6,
		"aiUnitCostModifier": 0.6,
		"aiBuildingCostModifier": 0.6,
		"aiWonderCostModifier": 1,
		"aiBuildingMaintenanceModifier": 0.6,
		"aiUnitMaintenanceModifier": 0.6,
		"aiUnitSupplyModifier": 0.5,
		"aiFreeTechs": ["Rescue knowledge","Rescue economic","Rescue industry","Rescue weapons"],
		"aiMajorCivBonusStartingUnits": [],
		"aiCityStateBonusStartingUnits": [],
		"aiUnhappinessModifier": 0.6,
		"aisExchangeTechs": true,
		"turnBarbariansCanEnterPlayerTiles": 0,
		"clearBarbarianCampReward": 30
	},
]
