[
	{
		"name": "Ancient ruins",
		"terrainsCanBeBuiltOn": ["Land"],
		"uniques": ["Unpillagable", "Provides a random bonus when entered", "Unbuildable"]
	},
	{
		"name": "City ruins",
		"terrainsCanBeBuiltOn": ["Land"],
		"uniques": ["Unpillagable", "Unbuildable"],
        "civilopediaText": [{"text":"A bleak reminder of the destruction wreaked by War"}]
	},
	{
		"name": "City center",
		"terrainsCanBeBuiltOn": ["Land"],
		"uniques": ["Ensures a minimum tile yield of [+2 Food, +1 Production]",
            "Unpillagable", "Irremovable", "Unbuildable", "Excluded from map editor"],
        "civilopediaText": [
			{"text":"Marks the center of a city"},
			{"text":"Appearance changes with the technological era of the owning civilization"}
		]
	},
	{
		"name": "Barbarian encampment",
		"terrainsCanBeBuiltOn": ["Land"],
		"uniques": ["Unpillagable", "Unbuildable", "Excluded from map editor"],
        "civilopediaText": [{"text":"Home to uncivilized barbarians, will spawn a hostile unit from time to time"}]
	}
]
