[
	/* Initial units */
	{
		"name": "Worker",
		"unitType": "Civilian",
		"requiredTech": "Rising from the wasteland",
		"movement": 2,
		"uniques": [""],
		"cost": 90
	},
	{
		"name": "Settler",
		"unitType": "Civilian",
		"requiredTech": "Rising from the wasteland",
		"movement": 2,
		"cost": 150,
		"uniques": ["Founds a new city <by consuming this unit>", "Excess Food converted to Production when under construction","Requires at least [2] population"],
		"hurryCostModifier": 20
	},
	{
		"name": "Mount",
		"unitType": "Mobile",
		"requiredTech": "Rising from the wasteland",
		"upgradesTo": "Mobile infantry",
		"obsoleteTech": "Lorry",
		"movement": 4,
		"strength": 36,
		"cost": 60,
		"uniques": [""],
		"attackSound": "nonmetalhit"
	},
	{
		"name": "Scout",
		"unitType": "Scout",
		"requiredTech": "Rising from the wasteland",
		"movement": 2,
		"strength": 24,
		"cost": 30,
		"uniques": [""],
		"attackSound": "nonmetalhit"
	},
	{
		"name": "Militia",
		"requiredTech": "Rising from the wasteland",
		"upgradesTo": "Skirmisher",
		"obsoleteTech": "Detonator",
		"unitType": "Army",
		"movement": 2,
		"strength": 28,
		"cost": 30,
		"uniques" : [""],
		"attackSound": "shot",
        "civilopediaText": [
		]
	},
	{
		"name": "Great War Infantry",
		"unitType": "Army",
		"requiredTech": "Rising from the wasteland",
		"upgradesTo": "Skirmisher",
		"obsoleteTech": "Detonator",
		"movement": 2,
		"strength": 32,
		"cost": 50,
		"uniques" : [""],
		"attackSound": "shot",
        "civilopediaText": [
			{"text": "This is your basic, club-swinging fighter."}
		]
	},
	{
		"name": "Cannon",
		"unitType": "Artillerist",
		"requiredTech": "Rising from the wasteland",
		"upgradesTo": "Forebore gun",
		"obsoleteTech": "Bayonet",
		"movement": 2,
		"strength": 20,
		"rangedStrength": 28,
		"range": 2,
		"cost": 60,
		"uniques" : [""],
		"attackSound": "cannon",
        "civilopediaText": [
		]
	},
	{
		"name": "Work Boats",
		"unitType": "Civilian Water",
		"requiredTech": "Rising from the wasteland",
		"movement": 4,
		"cost": 40,
		"uniques": [""]
	},
    {
		"name": "Ironclad",
		"unitType": "Melee Water",
		"requiredTech": "Rising from the wasteland",
		"upgradesTo": "Destroyer",
		"obsoleteTech": "Early shipborne missile",
		"movement": 4,
		"strength": 36,
		"cost": 60,
		"uniques": [""],
		"attackSound": "shipguns"
	},
	/* Mignight era */
	{
		"name": "Mobile infantry",
		"unitType": "Mobile",
		"requiredTech": "Lorry",
		"upgradesTo": "Modern mobile infantry",
		"obsoleteTech": "Rotating main gun",
		"movement": 4,
		"strength": 44,
		"cost": 110,
		"uniques": ["Can transform to [Mobile infantry(Maneuvering)]"],
		"attackSound": "shot"
	},
	{
		"name": "Mobile infantry(Maneuvering)",
		"unitType": "Mobile",
		"movement": 5,
		"strength":22,
		"cost": 110,
		"uniques": ["Unbuildable","Can transform to [Mobile infantry]"],
		"attackSound": "shot"
	},
	{
		"name": "Skirmisher",
		"unitType": "Army",
		"requiredTech": "Detonator",
		"upgradesTo": "Mechanized Infantry",
		"obsoleteTech": "Semi-automatic rifle",
		"movement": 2,
		"strength": 48,
		"cost": 94,
		"uniques" : [""],
		"attackSound": "shot",
        "civilopediaText": [
		]
	},
	{
		"name": "Armored car",
		"unitType": "Armored",
		"requiredTech": "Vehicle armor",
		"upgradesTo": "Tank",
		"obsoleteTech": "Rotating main gun",
		"movement": 4,
		"strength": 48,
		"rangedStrength": 40,
		"range": 1,
		"cost": 110,
		"uniques" : [""],
		"attackSound": "machinegun",
        "civilopediaText": [
		]
	},
	{
		"name": "Forebore gun",
		"unitType": "Artillerist",
		"requiredTech": "Bayonet",
		"upgradesTo": "Vehicle gun",
		"obsoleteTech": "Tactical measuring instrument",
		"movement": 2,
		"strength": 30,
		"rangedStrength": 42,
		"range": 2,
		"cost": 110,
		"uniques" : [""],
		"attackSound": "cannon",
        "civilopediaText": [
		]
	},
	{
		"name": "Breechloader",
		"unitType": "Artillerist",
		"requiredTech": "Bayonet",
		"upgradesTo": "Rocket Artillery",
		"obsoleteTech": "Tactical measuring instrument",
		"movement": 2,
		"strength": 30,
		"rangedStrength": 42,
		"range": 3,
		"cost": 100,
		"uniques" : ["[+200]% Strength <vs cities> <when attacking>","No defensive terrain bonus","Must set up to ranged attack","[-1] Sight"],
		"attackSound": "cannon",
        "civilopediaText": [
		]
	},
    {
		"name": "Armored battleship",
		"unitType": "Ranged Water",
		"requiredTech": "Waterproof material",
		"upgradesTo": "Missile Cruiser",
		"obsoleteTech": "Early shipborne missile",
		"movement": 3,
		"strength": 40,
		"rangedStrength": 40,
		"range": 2,
		"cost": 110,
		"uniques": [""],
		"attackSound": "shipguns"
	},
	{
		"name": "Early submarine",
		"unitType": "Submarine",
		"requiredTech": "Sealed hull",
		"upgradesTo": "Submarine",
		"obsoleteTech": "Modern shipborne missile",
		"movement": 4,
		"strength": 36,
		"rangedStrength": 36,
		"range": 2,
		"cost": 90,
		"uniques": [""],
		"attackSound": "shipguns"
	},
	{
		"name": "Triplane",
		"unitType": "Fighter",
		"requiredTech": "Modern aerodynamics",
		"upgradesTo": "Fighter",
		"obsoleteTech": "Early airborne missile",
		"movement": 1,
		"strength": 35,
		"rangedStrength": 35,
		"range": 5,
		"interceptRange": 5,
		"cost": 100,
		"uniques": ["[50]% chance to intercept air attacks", "[+150]% Strength <vs [Bomber] units>", "[+150]% Strength <vs [Helicopter] units>"],
		"attackSound": "machinegun"
	},
	{
		"name": "Great War Bomber",
		"unitType": "Bomber",
		"requiredTech": "Modern aerodynamics",
		"upgradesTo": "Bomber",
		"obsoleteTech": "Early airborne missile",
		"movement": 1,
		"strength": 50,
		"rangedStrength": 50,
		"range": 6,
		"cost": 100,
		"attackSound": "bombing"
	},
	/* Dawn era */
	{
		"name": "Modern mobile infantry",
		"unitType": "Mobile",
		"requiredTech": "Rotating main gun",
		"movement": 4,
		"strength": 66,
		"cost": 206,
		"uniques": ["Can transform to [Mobile infantry(Maneuvering)]"],
		"attackSound": "shot"
	},
	{
		"name": "Modern mobile infantry(Maneuvering)",
		"unitType": "Mobile",
		"movement": 5,
		"strength":33,
		"cost": 206,
		"uniques": ["Unbuildable","Can transform to [Mobile infantry]"],
		"attackSound": "shot"
	},
	{
		"name": "Mechanized Infantry",
		"unitType": "Army",
		"requiredTech": "Semi-automatic rifle",
		"movement": 2,
		"strength": 72,
		"cost": 176,
		"uniques" : [""],
		"attackSound": "shot",
        "civilopediaText": [
		]
	},
	{
		"name": "Tank",
		"unitType": "Armored",
		"requiredTech": "Rotating main gun",
		"movement": 4,
		"strength": 72,
		"rangedStrength": 60,
		"range": 1,
		"cost": 206,
		"uniques" : [""],
		"attackSound": "tankshot",
        "civilopediaText": [
		]
	},
	{
		"name": "Vehicle gun",
		"unitType": "Artillerist",
		"requiredTech": "Tactical measuring instrument",
		"movement": 4,
		"strength": 45,
		"rangedStrength": 63,
		"range": 2,
		"cost": 206,
		"uniques" : [""],
		"attackSound": "artillery",
        "civilopediaText": [
		]
	},
	{
		"name": "Rocket Artillery",
		"unitType": "Artillerist",
		"requiredTech": "Tactical measuring instrument",
		"movement": 2,
		"strength": 45,
		"rangedStrength": 63,
		"range": 3,
		"cost": 206,
		"uniques" : ["[+200]% Strength <vs cities> <when attacking>","No defensive terrain bonus","[-1] Sight"],
		"attackSound": "artillery",
        "civilopediaText": [
		]
	},
	{
		"name": "Destroyer",
		"unitType": "Melee Water",
		"requiredTech": "Early shipborne missile",
		"movement": 6,
		"strength": 55,
		"interceptRange": 2,
		"cost": 206,
		"uniques": ["Can see invisible [Submarine] units", "[40]% chance to intercept air attacks",
			"Withdraws before melee combat <with [80]% chance>", "[+100]% Strength <vs [Submarine] units>"],
		"attackSound": "shipguns"
	},
    {
		"name": "Missile Cruiser",
		"unitType": "Melee Water",
		"requiredTech": "Early shipborne missile",
		"movement": 7,
		"strength": 48,
		"rangedStrength": 56,
		"range": 3,
		"interceptRange": 2,
		"cost": 206,
		"uniques": ["[100]% chance to intercept air attacks", "Can see invisible [Submarine] units",
			"Can carry [3] [Missile] units", "[+100]% Strength <vs [Submarine] units>", "Never appears as a Barbarian unit"],
		"attackSound": "shipguns"
	},
	{
		"name": "Submarine",
		"unitType": "Submarine",
		"requiredTech": "Modern shipborne missile",
		"movement": 5,
		"strength": 54,
		"rangedStrength": 54,
		"range": 2,
		"cost": 180,
		"uniques": [""],
		"attackSound": "shipguns"
	},
	{
		"name": "Carrier",
		"unitType": "Aircraft Carrier",
		"requiredTech": "Modern shipborne missile",
		"movement": 5,
		"strength": 40,
		"cost": 250,
		"uniques": ["Cannot attack", "Can carry [2] [Aircraft] units"]
	},
	{
		"name": "Fighter",
		"unitType": "Fighter",
		"requiredTech": "Early airborne missile",
		"movement": 1,
		"strength": 45,
		"rangedStrength": 45,
		"range": 8,
		"interceptRange": 8,
		"cost": 220,
		"uniques": ["[100]% chance to intercept air attacks", "[+150]% Strength <vs [Bomber] units>", "[+150]% Strength <vs [Helicopter] units>"],
		"attackSound": "machinegun"
	},
	{
		"name": "Bomber",
		"unitType": "Bomber",
		"requiredTech": "Early airborne missile",
		"movement": 1,
		"strength": 65,
		"rangedStrength": 65,
		"range": 10,
		"cost": 220,
		"attackSound": "bombing"
	},
	{
		"name": "Guided Missile",
		"unitType": "Missile",
		"requiredTech": "Guidance technology",
		"movement": 1,
		"strength": 60,
		"rangedStrength": 60,
		"range": 8,
		"cost": 120,
		"uniques": ["[-100]% maintenance costs"],
		"attackSound": "missile"
	},
	{
		"name": "Marine",
		"unitType": "Armored",
		"requiredTech": "Folding buttstock",
		"movement": 2,
		"strength": 65,
		"cost": 400,
		"uniques": ["[+1] Sight <when [Embarked]>", "Defense bonus when embarked"],
		"attackSound": "shot"
	},
	{
		"name": "Paratrooper",
		"unitType": "Armored",
		"requiredTech": "Folding buttstock",
		"movement": 2,
		"strength": 65,
		"cost": 375,
		"uniques": ["May Paradrop up to [5] tiles from inside friendly territory", "Never appears as a Barbarian unit"],
		"attackSound": "shot"
		// upgradesTo "XCOM Squad", "No Movement Cost to Pillage" in BNW
	},
	{
		"name": "All-terrain infantry",
		"unitType": "Armored",
		"requiredTech": "Folding buttstock",
		"movement": 2,
		"strength": 65,
		"cost": 375,
		"uniques": ["May Paradrop up to [5] tiles from inside friendly territory", "Never appears as a Barbarian unit"],
		"attackSound": "shot"
		// upgradesTo "XCOM Squad", "No Movement Cost to Pillage" in BNW
	},
	/* Barbarian units */

]
