[
    {
        "name": "Domination",
        "victoryScreenHeader": "Capture all enemy Capitals\nto win!",
        "milestones": ["Capture all capitals"],
        "victoryString": "The world has been convulsed by war. Many great and powerful civilizations have fallen, but you have survived - and emerged victorious! The world will long remember your glorious triumph!",
        "defeatString": "You have been defeated. Your civilization has been overwhelmed by its many foes. But your people do not despair, for they know that one day you shall return - and lead them forward to victory!"
    },
]
